review_id,date,rating,review_text
REV-1001,2026-08-04,5,Absolutely seamless onboarding experience. Highly recommend to everyone!
REV-1002,2026-08-08,2,Why is there an early withdrawal charge when I moved my funds to a different account?
REV-1003,2026-08-21,2,Why is there an early withdrawal charge when I moved my funds to a different account?
REV-1004,2026-06-19,2,Why is there an early withdrawal charge when I moved my funds to a different account?
REV-1005,2026-08-16,5,Customer support was amazing when I had an issue. Sarah fixed it instantly!
REV-1006,2026-08-14,4,UI is intuitive and easy to use. Just wish the dark mode had better contrast.
REV-1007,2026-07-21,5,Absolutely seamless onboarding experience. Highly recommend to everyone!
REV-1008,2026-08-10,1,The app keeps crashing when I try to view my portfolio on my phone.
REV-1009,2026-06-08,1,Terrible customer service. Nobody picked up the phone for 2 hours.
REV-1010,2026-07-26,5,Customer support was amazing when I had an issue. Sarah fixed it instantly!
REV-1011,2026-08-30,2,I was charged a $50 early withdrawal fee without any warning. Unacceptable.
REV-1012,2026-07-04,4,"Great experience overall, but the charts sometimes take a second to load."
REV-1013,2026-08-29,5,The performance improvements are incredible. It loads instantly now.
REV-1014,2026-08-03,5,The performance improvements are incredible. It loads instantly now.
REV-1015,2026-08-04,5,Customer support was amazing when I had an issue. Sarah fixed it instantly!
REV-1016,2026-08-22,3,"It's an okay app, but I wish there were more options for setting up recurring deposits."
REV-1017,2026-07-11,1,Terrible customer service. Nobody picked up the phone for 2 hours.
REV-1018,2026-06-25,2,I was charged a $50 early withdrawal fee without any warning. Unacceptable.
REV-1019,2026-07-08,4,"Great experience overall, but the charts sometimes take a second to load."
REV-1020,2026-08-01,5,Absolutely love this app! The new update is incredibly fast.
REV-1021,2026-06-20,1,The app keeps crashing when I try to view my portfolio on my phone.
REV-1022,2026-08-11,3,"Fees are a bit high compared to competitors, but the interface is nice."
REV-1023,2026-06-24,3,"Fees are a bit high compared to competitors, but the interface is nice."
REV-1024,2026-07-17,2,I was charged a $50 early withdrawal fee without any warning. Unacceptable.
REV-1025,2026-06-12,2,Why is there an early withdrawal charge when I moved my funds to a different account?
REV-1026,2026-06-26,3,"Fees are a bit high compared to competitors, but the interface is nice."
REV-1027,2026-07-15,4,"Great experience overall, but the charts sometimes take a second to load."
REV-1028,2026-07-13,2,Why is there an early withdrawal charge when I moved my funds to a different account?
REV-1029,2026-06-16,5,Customer support was amazing when I had an issue. Sarah fixed it instantly!
REV-1030,2026-06-02,2,I was charged a $50 early withdrawal fee without any warning. Unacceptable.
REV-1031,2026-06-30,5,Absolutely love this app! The new update is incredibly fast.
REV-1032,2026-08-25,3,"Fees are a bit high compared to competitors, but the interface is nice."
REV-1033,2026-06-10,3,"Fees are a bit high compared to competitors, but the interface is nice."
REV-1034,2026-06-13,5,Absolutely seamless onboarding experience. Highly recommend to everyone!
REV-1035,2026-08-25,4,"Great experience overall, but the charts sometimes take a second to load."
REV-1036,2026-08-04,1,The app keeps crashing when I try to view my portfolio on my phone.
REV-1037,2026-06-28,2,Why is there an early withdrawal charge when I moved my funds to a different account?
REV-1038,2026-08-02,5,The performance improvements are incredible. It loads instantly now.
REV-1039,2026-06-21,2,I was charged a $50 early withdrawal fee without any warning. Unacceptable.
REV-1040,2026-07-25,5,The performance improvements are incredible. It loads instantly now.
REV-1041,2026-06-13,2,I was charged a $50 early withdrawal fee without any warning. Unacceptable.
REV-1042,2026-07-27,1,The app keeps crashing when I try to view my portfolio on my phone.
REV-1043,2026-06-09,4,UI is intuitive and easy to use. Just wish the dark mode had better contrast.
REV-1044,2026-06-08,3,"It's an okay app, but I wish there were more options for setting up recurring deposits."
REV-1045,2026-08-09,1,The app keeps crashing when I try to view my portfolio on my phone.
REV-1046,2026-06-05,5,Absolutely love this app! The new update is incredibly fast.
REV-1047,2026-08-29,3,"It's an okay app, but I wish there were more options for setting up recurring deposits."
REV-1048,2026-06-30,2,Why is there an early withdrawal charge when I moved my funds to a different account?
REV-1049,2026-06-14,2,Why is there an early withdrawal charge when I moved my funds to a different account?
REV-1050,2026-08-08,1,Terrible customer service. Nobody picked up the phone for 2 hours.
REV-1051,2026-06-21,3,"It's an okay app, but I wish there were more options for setting up recurring deposits."
REV-1052,2026-07-25,4,UI is intuitive and easy to use. Just wish the dark mode had better contrast.
REV-1053,2026-06-29,5,Absolutely love this app! The new update is incredibly fast.
REV-1054,2026-07-01,5,The performance improvements are incredible. It loads instantly now.
REV-1055,2026-08-15,5,The performance improvements are incredible. It loads instantly now.
REV-1056,2026-07-12,3,"Fees are a bit high compared to competitors, but the interface is nice."
REV-1057,2026-07-15,5,Absolutely seamless onboarding experience. Highly recommend to everyone!
REV-1058,2026-06-15,5,Absolutely love this app! The new update is incredibly fast.
REV-1059,2026-06-17,4,UI is intuitive and easy to use. Just wish the dark mode had better contrast.
REV-1060,2026-06-04,5,Customer support was amazing when I had an issue. Sarah fixed it instantly!
REV-1061,2026-07-17,4,UI is intuitive and easy to use. Just wish the dark mode had better contrast.
REV-1062,2026-08-27,2,Why is there an early withdrawal charge when I moved my funds to a different account?
REV-1063,2026-06-18,3,"Fees are a bit high compared to competitors, but the interface is nice."
REV-1064,2026-06-13,2,Why is there an early withdrawal charge when I moved my funds to a different account?
REV-1065,2026-06-02,3,"Fees are a bit high compared to competitors, but the interface is nice."
REV-1066,2026-07-15,5,Customer support was amazing when I had an issue. Sarah fixed it instantly!
REV-1067,2026-07-30,5,Absolutely seamless onboarding experience. Highly recommend to everyone!
REV-1068,2026-08-26,4,"Great experience overall, but the charts sometimes take a second to load."
REV-1069,2026-08-19,1,The app keeps crashing when I try to view my portfolio on my phone.
REV-1070,2026-07-10,5,The performance improvements are incredible. It loads instantly now.
REV-1071,2026-07-02,4,"Great experience overall, but the charts sometimes take a second to load."
REV-1072,2026-07-01,2,Why is there an early withdrawal charge when I moved my funds to a different account?
REV-1073,2026-08-03,2,Why is there an early withdrawal charge when I moved my funds to a different account?
REV-1074,2026-07-09,1,The app keeps crashing when I try to view my portfolio on my phone.
REV-1075,2026-07-17,5,The performance improvements are incredible. It loads instantly now.
REV-1076,2026-07-10,2,Why is there an early withdrawal charge when I moved my funds to a different account?
REV-1077,2026-06-17,2,I was charged a $50 early withdrawal fee without any warning. Unacceptable.
REV-1078,2026-07-28,5,Customer support was amazing when I had an issue. Sarah fixed it instantly!
REV-1079,2026-07-22,5,Customer support was amazing when I had an issue. Sarah fixed it instantly!
REV-1080,2026-07-17,2,I was charged a $50 early withdrawal fee without any warning. Unacceptable.
REV-1081,2026-06-21,5,Absolutely seamless onboarding experience. Highly recommend to everyone!
REV-1082,2026-07-11,2,I was charged a $50 early withdrawal fee without any warning. Unacceptable.
REV-1083,2026-06-05,3,"Fees are a bit high compared to competitors, but the interface is nice."
REV-1084,2026-06-18,3,"Fees are a bit high compared to competitors, but the interface is nice."
REV-1085,2026-06-29,2,Why is there an early withdrawal charge when I moved my funds to a different account?
REV-1086,2026-06-17,5,The performance improvements are incredible. It loads instantly now.
REV-1087,2026-07-06,5,Absolutely love this app! The new update is incredibly fast.
REV-1088,2026-07-29,1,The app keeps crashing when I try to view my portfolio on my phone.
REV-1089,2026-06-03,2,Why is there an early withdrawal charge when I moved my funds to a different account?
REV-1090,2026-08-05,5,Absolutely seamless onboarding experience. Highly recommend to everyone!
REV-1091,2026-08-27,1,The app keeps crashing when I try to view my portfolio on my phone.
REV-1092,2026-07-28,4,"Great experience overall, but the charts sometimes take a second to load."
REV-1093,2026-07-08,3,"Fees are a bit high compared to competitors, but the interface is nice."
REV-1094,2026-07-06,1,Terrible customer service. Nobody picked up the phone for 2 hours.
REV-1095,2026-07-08,1,Terrible customer service. Nobody picked up the phone for 2 hours.
REV-1096,2026-07-19,2,Why is there an early withdrawal charge when I moved my funds to a different account?
REV-1097,2026-07-22,5,The performance improvements are incredible. It loads instantly now.
REV-1098,2026-08-11,1,Terrible customer service. Nobody picked up the phone for 2 hours.
REV-1099,2026-06-23,2,Why is there an early withdrawal charge when I moved my funds to a different account?
REV-1100,2026-07-27,2,Why is there an early withdrawal charge when I moved my funds to a different account?
REV-1101,2026-08-20,5,Customer support was amazing when I had an issue. Sarah fixed it instantly!
REV-1102,2026-08-13,4,UI is intuitive and easy to use. Just wish the dark mode had better contrast.
REV-1103,2026-06-05,4,"Great experience overall, but the charts sometimes take a second to load."
REV-1104,2026-06-20,3,"It's an okay app, but I wish there were more options for setting up recurring deposits."
REV-1105,2026-08-18,4,UI is intuitive and easy to use. Just wish the dark mode had better contrast.
REV-1106,2026-08-28,3,"Fees are a bit high compared to competitors, but the interface is nice."
REV-1107,2026-08-19,2,Why is there an early withdrawal charge when I moved my funds to a different account?
REV-1108,2026-08-02,3,"It's an okay app, but I wish there were more options for setting up recurring deposits."
REV-1109,2026-07-25,1,Terrible customer service. Nobody picked up the phone for 2 hours.
REV-1110,2026-08-11,3,"Fees are a bit high compared to competitors, but the interface is nice."
REV-1111,2026-07-03,5,Customer support was amazing when I had an issue. Sarah fixed it instantly!
REV-1112,2026-08-23,5,Customer support was amazing when I had an issue. Sarah fixed it instantly!
REV-1113,2026-08-01,1,Terrible customer service. Nobody picked up the phone for 2 hours.
REV-1114,2026-06-29,5,Absolutely seamless onboarding experience. Highly recommend to everyone!
REV-1115,2026-08-14,2,Why is there an early withdrawal charge when I moved my funds to a different account?
REV-1116,2026-08-08,5,Customer support was amazing when I had an issue. Sarah fixed it instantly!
REV-1117,2026-06-18,3,"It's an okay app, but I wish there were more options for setting up recurring deposits."
REV-1118,2026-08-24,2,I was charged a $50 early withdrawal fee without any warning. Unacceptable.
REV-1119,2026-08-13,2,I was charged a $50 early withdrawal fee without any warning. Unacceptable.
REV-1120,2026-07-11,2,Why is there an early withdrawal charge when I moved my funds to a different account?
REV-1121,2026-06-23,5,The performance improvements are incredible. It loads instantly now.
REV-1122,2026-07-04,3,"Fees are a bit high compared to competitors, but the interface is nice."
REV-1123,2026-08-21,4,UI is intuitive and easy to use. Just wish the dark mode had better contrast.
REV-1124,2026-06-17,1,The app keeps crashing when I try to view my portfolio on my phone.
REV-1125,2026-06-09,4,UI is intuitive and easy to use. Just wish the dark mode had better contrast.
REV-1126,2026-06-24,2,Why is there an early withdrawal charge when I moved my funds to a different account?
REV-1127,2026-07-29,5,Absolutely seamless onboarding experience. Highly recommend to everyone!
REV-1128,2026-07-02,3,"It's an okay app, but I wish there were more options for setting up recurring deposits."
REV-1129,2026-08-09,5,The performance improvements are incredible. It loads instantly now.
REV-1130,2026-06-16,3,"It's an okay app, but I wish there were more options for setting up recurring deposits."
REV-1131,2026-07-28,1,Terrible customer service. Nobody picked up the phone for 2 hours.
REV-1132,2026-06-28,5,Absolutely seamless onboarding experience. Highly recommend to everyone!
REV-1133,2026-06-13,2,Why is there an early withdrawal charge when I moved my funds to a different account?
REV-1134,2026-06-15,2,Why is there an early withdrawal charge when I moved my funds to a different account?
REV-1135,2026-06-24,4,"Great experience overall, but the charts sometimes take a second to load."
REV-1136,2026-08-15,4,"Great experience overall, but the charts sometimes take a second to load."
REV-1137,2026-06-21,4,"Great experience overall, but the charts sometimes take a second to load."
REV-1138,2026-07-17,4,UI is intuitive and easy to use. Just wish the dark mode had better contrast.
REV-1139,2026-08-20,3,"Fees are a bit high compared to competitors, but the interface is nice."
REV-1140,2026-08-12,5,Customer support was amazing when I had an issue. Sarah fixed it instantly!
REV-1141,2026-06-17,4,"Great experience overall, but the charts sometimes take a second to load."
REV-1142,2026-08-17,2,Why is there an early withdrawal charge when I moved my funds to a different account?
REV-1143,2026-08-10,2,I was charged a $50 early withdrawal fee without any warning. Unacceptable.
REV-1144,2026-07-16,5,Customer support was amazing when I had an issue. Sarah fixed it instantly!
REV-1145,2026-06-14,5,Absolutely seamless onboarding experience. Highly recommend to everyone!
REV-1146,2026-07-10,5,Customer support was amazing when I had an issue. Sarah fixed it instantly!
REV-1147,2026-07-11,5,Absolutely seamless onboarding experience. Highly recommend to everyone!
REV-1148,2026-08-08,3,"Fees are a bit high compared to competitors, but the interface is nice."
REV-1149,2026-07-14,2,I was charged a $50 early withdrawal fee without any warning. Unacceptable.
REV-1150,2026-07-27,1,Terrible customer service. Nobody picked up the phone for 2 hours.
REV-1151,2026-08-13,1,The app keeps crashing when I try to view my portfolio on my phone.
REV-1152,2026-06-22,1,Terrible customer service. Nobody picked up the phone for 2 hours.
REV-1153,2026-06-13,2,I was charged a $50 early withdrawal fee without any warning. Unacceptable.
REV-1154,2026-06-09,5,Customer support was amazing when I had an issue. Sarah fixed it instantly!
REV-1155,2026-08-08,1,Terrible customer service. Nobody picked up the phone for 2 hours.
REV-1156,2026-08-22,5,The performance improvements are incredible. It loads instantly now.
REV-1157,2026-08-29,4,UI is intuitive and easy to use. Just wish the dark mode had better contrast.
REV-1158,2026-07-06,5,Customer support was amazing when I had an issue. Sarah fixed it instantly!
REV-1159,2026-08-27,4,UI is intuitive and easy to use. Just wish the dark mode had better contrast.
REV-1160,2026-08-24,1,Terrible customer service. Nobody picked up the phone for 2 hours.
REV-1161,2026-08-12,3,"It's an okay app, but I wish there were more options for setting up recurring deposits."
REV-1162,2026-06-17,4,"Great experience overall, but the charts sometimes take a second to load."
REV-1163,2026-07-17,3,"It's an okay app, but I wish there were more options for setting up recurring deposits."
REV-1164,2026-06-11,5,Absolutely seamless onboarding experience. Highly recommend to everyone!
REV-1165,2026-06-28,5,Absolutely love this app! The new update is incredibly fast.
REV-1166,2026-08-18,3,"It's an okay app, but I wish there were more options for setting up recurring deposits."
REV-1167,2026-07-20,4,"Great experience overall, but the charts sometimes take a second to load."
REV-1168,2026-07-26,4,UI is intuitive and easy to use. Just wish the dark mode had better contrast.
REV-1169,2026-07-23,5,Absolutely seamless onboarding experience. Highly recommend to everyone!
REV-1170,2026-07-08,5,The performance improvements are incredible. It loads instantly now.
REV-1171,2026-08-01,4,"Great experience overall, but the charts sometimes take a second to load."
REV-1172,2026-06-11,2,Why is there an early withdrawal charge when I moved my funds to a different account?
REV-1173,2026-08-02,5,Absolutely love this app! The new update is incredibly fast.
REV-1174,2026-07-14,1,The app keeps crashing when I try to view my portfolio on my phone.
REV-1175,2026-08-01,4,"Great experience overall, but the charts sometimes take a second to load."
REV-1176,2026-07-15,2,I was charged a $50 early withdrawal fee without any warning. Unacceptable.
REV-1177,2026-08-07,2,I was charged a $50 early withdrawal fee without any warning. Unacceptable.
REV-1178,2026-07-24,2,Why is there an early withdrawal charge when I moved my funds to a different account?
REV-1179,2026-07-06,1,The app keeps crashing when I try to view my portfolio on my phone.
REV-1180,2026-07-11,5,The performance improvements are incredible. It loads instantly now.
REV-1181,2026-08-29,5,Absolutely seamless onboarding experience. Highly recommend to everyone!
REV-1182,2026-06-29,4,UI is intuitive and easy to use. Just wish the dark mode had better contrast.
REV-1183,2026-07-07,5,Customer support was amazing when I had an issue. Sarah fixed it instantly!
REV-1184,2026-07-19,2,I was charged a $50 early withdrawal fee without any warning. Unacceptable.
REV-1185,2026-07-25,3,"It's an okay app, but I wish there were more options for setting up recurring deposits."
REV-1186,2026-07-01,5,The performance improvements are incredible. It loads instantly now.
REV-1187,2026-08-22,1,The app keeps crashing when I try to view my portfolio on my phone.
REV-1188,2026-07-04,3,"Fees are a bit high compared to competitors, but the interface is nice."
REV-1189,2026-07-18,5,Absolutely seamless onboarding experience. Highly recommend to everyone!
REV-1190,2026-06-17,5,Absolutely love this app! The new update is incredibly fast.
REV-1191,2026-07-13,1,Terrible customer service. Nobody picked up the phone for 2 hours.
REV-1192,2026-07-21,5,Absolutely seamless onboarding experience. Highly recommend to everyone!
REV-1193,2026-07-13,1,Terrible customer service. Nobody picked up the phone for 2 hours.
REV-1194,2026-07-09,5,The performance improvements are incredible. It loads instantly now.
REV-1195,2026-08-17,5,Absolutely love this app! The new update is incredibly fast.
REV-1196,2026-06-30,1,The app keeps crashing when I try to view my portfolio on my phone.
REV-1197,2026-06-08,1,Terrible customer service. Nobody picked up the phone for 2 hours.
REV-1198,2026-07-18,5,Absolutely love this app! The new update is incredibly fast.
REV-1199,2026-08-29,4,"Great experience overall, but the charts sometimes take a second to load."
REV-1200,2026-07-13,3,"It's an okay app, but I wish there were more options for setting up recurring deposits."
REV-1201,2026-07-15,2,I was charged a $50 early withdrawal fee without any warning. Unacceptable.
REV-1202,2026-07-02,5,Absolutely love this app! The new update is incredibly fast.
REV-1203,2026-07-10,5,Customer support was amazing when I had an issue. Sarah fixed it instantly!
REV-1204,2026-07-11,5,Absolutely love this app! The new update is incredibly fast.
REV-1205,2026-08-14,1,The app keeps crashing when I try to view my portfolio on my phone.
REV-1206,2026-07-01,5,Customer support was amazing when I had an issue. Sarah fixed it instantly!
REV-1207,2026-07-20,3,"Fees are a bit high compared to competitors, but the interface is nice."
REV-1208,2026-07-16,2,Why is there an early withdrawal charge when I moved my funds to a different account?
REV-1209,2026-07-08,4,UI is intuitive and easy to use. Just wish the dark mode had better contrast.
REV-1210,2026-07-28,5,Customer support was amazing when I had an issue. Sarah fixed it instantly!
REV-1211,2026-08-18,5,Absolutely love this app! The new update is incredibly fast.
REV-1212,2026-06-23,5,Customer support was amazing when I had an issue. Sarah fixed it instantly!
REV-1213,2026-06-07,2,Why is there an early withdrawal charge when I moved my funds to a different account?
REV-1214,2026-07-01,3,"Fees are a bit high compared to competitors, but the interface is nice."
REV-1215,2026-06-01,5,Absolutely seamless onboarding experience. Highly recommend to everyone!
REV-1216,2026-08-07,3,"It's an okay app, but I wish there were more options for setting up recurring deposits."
REV-1217,2026-08-07,5,Absolutely love this app! The new update is incredibly fast.
REV-1218,2026-07-08,3,"It's an okay app, but I wish there were more options for setting up recurring deposits."
REV-1219,2026-07-09,3,"It's an okay app, but I wish there were more options for setting up recurring deposits."
REV-1220,2026-08-04,5,Customer support was amazing when I had an issue. Sarah fixed it instantly!
REV-1221,2026-08-14,2,I was charged a $50 early withdrawal fee without any warning. Unacceptable.
REV-1222,2026-08-12,5,Absolutely love this app! The new update is incredibly fast.
REV-1223,2026-07-15,4,UI is intuitive and easy to use. Just wish the dark mode had better contrast.
REV-1224,2026-07-09,5,Customer support was amazing when I had an issue. Sarah fixed it instantly!
REV-1225,2026-07-18,5,Absolutely love this app! The new update is incredibly fast.
REV-1226,2026-06-11,5,Absolutely love this app! The new update is incredibly fast.
REV-1227,2026-07-30,3,"It's an okay app, but I wish there were more options for setting up recurring deposits."
REV-1228,2026-07-06,5,Customer support was amazing when I had an issue. Sarah fixed it instantly!
REV-1229,2026-08-10,5,Absolutely seamless onboarding experience. Highly recommend to everyone!
REV-1230,2026-07-31,1,Terrible customer service. Nobody picked up the phone for 2 hours.
REV-1231,2026-07-15,1,The app keeps crashing when I try to view my portfolio on my phone.
REV-1232,2026-08-21,4,"Great experience overall, but the charts sometimes take a second to load."
REV-1233,2026-07-09,5,Absolutely seamless onboarding experience. Highly recommend to everyone!
REV-1234,2026-08-25,5,Absolutely love this app! The new update is incredibly fast.
REV-1235,2026-07-19,5,Customer support was amazing when I had an issue. Sarah fixed it instantly!
REV-1236,2026-06-26,2,Why is there an early withdrawal charge when I moved my funds to a different account?
REV-1237,2026-06-22,5,Absolutely love this app! The new update is incredibly fast.
REV-1238,2026-06-07,5,Absolutely love this app! The new update is incredibly fast.
REV-1239,2026-06-28,2,I was charged a $50 early withdrawal fee without any warning. Unacceptable.
REV-1240,2026-08-22,3,"Fees are a bit high compared to competitors, but the interface is nice."
REV-1241,2026-08-26,2,I was charged a $50 early withdrawal fee without any warning. Unacceptable.
REV-1242,2026-08-29,3,"It's an okay app, but I wish there were more options for setting up recurring deposits."
REV-1243,2026-06-01,5,Absolutely seamless onboarding experience. Highly recommend to everyone!
REV-1244,2026-08-29,4,UI is intuitive and easy to use. Just wish the dark mode had better contrast.
REV-1245,2026-07-20,5,Absolutely seamless onboarding experience. Highly recommend to everyone!
REV-1246,2026-07-13,3,"Fees are a bit high compared to competitors, but the interface is nice."
REV-1247,2026-07-21,2,I was charged a $50 early withdrawal fee without any warning. Unacceptable.
REV-1248,2026-06-27,3,"Fees are a bit high compared to competitors, but the interface is nice."
REV-1249,2026-07-13,3,"It's an okay app, but I wish there were more options for setting up recurring deposits."
REV-1250,2026-06-04,2,Why is there an early withdrawal charge when I moved my funds to a different account?
REV-1251,2026-08-24,2,Why is there an early withdrawal charge when I moved my funds to a different account?
REV-1252,2026-06-09,3,"It's an okay app, but I wish there were more options for setting up recurring deposits."
REV-1253,2026-08-10,1,Terrible customer service. Nobody picked up the phone for 2 hours.
REV-1254,2026-06-02,2,I was charged a $50 early withdrawal fee without any warning. Unacceptable.
REV-1255,2026-06-06,5,Customer support was amazing when I had an issue. Sarah fixed it instantly!
REV-1256,2026-08-06,2,Why is there an early withdrawal charge when I moved my funds to a different account?
REV-1257,2026-07-12,1,The app keeps crashing when I try to view my portfolio on my phone.
REV-1258,2026-06-13,5,Absolutely love this app! The new update is incredibly fast.
REV-1259,2026-08-22,3,"It's an okay app, but I wish there were more options for setting up recurring deposits."
REV-1260,2026-08-08,1,Terrible customer service. Nobody picked up the phone for 2 hours.
REV-1261,2026-07-14,3,"It's an okay app, but I wish there were more options for setting up recurring deposits."
REV-1262,2026-06-21,3,"It's an okay app, but I wish there were more options for setting up recurring deposits."
REV-1263,2026-08-09,5,Customer support was amazing when I had an issue. Sarah fixed it instantly!
REV-1264,2026-07-24,4,"Great experience overall, but the charts sometimes take a second to load."
REV-1265,2026-06-08,1,The app keeps crashing when I try to view my portfolio on my phone.
REV-1266,2026-06-15,4,UI is intuitive and easy to use. Just wish the dark mode had better contrast.
REV-1267,2026-08-18,3,"It's an okay app, but I wish there were more options for setting up recurring deposits."
REV-1268,2026-06-25,5,The performance improvements are incredible. It loads instantly now.
REV-1269,2026-08-26,5,The performance improvements are incredible. It loads instantly now.
REV-1270,2026-07-15,3,"It's an okay app, but I wish there were more options for setting up recurring deposits."
REV-1271,2026-08-18,5,The performance improvements are incredible. It loads instantly now.
REV-1272,2026-08-14,4,UI is intuitive and easy to use. Just wish the dark mode had better contrast.
REV-1273,2026-06-11,5,Absolutely seamless onboarding experience. Highly recommend to everyone!
REV-1274,2026-08-30,5,Absolutely love this app! The new update is incredibly fast.
REV-1275,2026-06-23,4,"Great experience overall, but the charts sometimes take a second to load."
REV-1276,2026-06-19,4,"Great experience overall, but the charts sometimes take a second to load."
REV-1277,2026-06-06,2,I was charged a $50 early withdrawal fee without any warning. Unacceptable.
REV-1278,2026-06-11,1,The app keeps crashing when I try to view my portfolio on my phone.
REV-1279,2026-07-28,2,Why is there an early withdrawal charge when I moved my funds to a different account?
REV-1280,2026-07-17,3,"Fees are a bit high compared to competitors, but the interface is nice."
REV-1281,2026-07-15,4,UI is intuitive and easy to use. Just wish the dark mode had better contrast.
REV-1282,2026-06-20,1,The app keeps crashing when I try to view my portfolio on my phone.
REV-1283,2026-06-22,2,I was charged a $50 early withdrawal fee without any warning. Unacceptable.
REV-1284,2026-08-03,5,The performance improvements are incredible. It loads instantly now.
REV-1285,2026-07-05,1,Terrible customer service. Nobody picked up the phone for 2 hours.
REV-1286,2026-07-05,3,"It's an okay app, but I wish there were more options for setting up recurring deposits."
REV-1287,2026-07-06,5,The performance improvements are incredible. It loads instantly now.
REV-1288,2026-08-01,1,The app keeps crashing when I try to view my portfolio on my phone.
REV-1289,2026-07-16,2,Why is there an early withdrawal charge when I moved my funds to a different account?
REV-1290,2026-08-04,5,Absolutely love this app! The new update is incredibly fast.
REV-1291,2026-06-19,5,Absolutely love this app! The new update is incredibly fast.
REV-1292,2026-07-04,4,"Great experience overall, but the charts sometimes take a second to load."
REV-1293,2026-07-09,5,Absolutely seamless onboarding experience. Highly recommend to everyone!
REV-1294,2026-07-24,4,UI is intuitive and easy to use. Just wish the dark mode had better contrast.
REV-1295,2026-06-28,4,"Great experience overall, but the charts sometimes take a second to load."
REV-1296,2026-08-07,1,The app keeps crashing when I try to view my portfolio on my phone.
REV-1297,2026-06-16,1,Terrible customer service. Nobody picked up the phone for 2 hours.
REV-1298,2026-06-27,4,UI is intuitive and easy to use. Just wish the dark mode had better contrast.
REV-1299,2026-06-13,4,UI is intuitive and easy to use. Just wish the dark mode had better contrast.
REV-1300,2026-08-28,5,Absolutely love this app! The new update is incredibly fast.
REV-1301,2026-08-23,5,Customer support was amazing when I had an issue. Sarah fixed it instantly!
REV-1302,2026-08-20,4,"Great experience overall, but the charts sometimes take a second to load."
REV-1303,2026-06-03,5,The performance improvements are incredible. It loads instantly now.
REV-1304,2026-07-21,1,The app keeps crashing when I try to view my portfolio on my phone.
REV-1305,2026-08-05,1,Terrible customer service. Nobody picked up the phone for 2 hours.
REV-1306,2026-07-24,5,Absolutely seamless onboarding experience. Highly recommend to everyone!
REV-1307,2026-07-20,5,The performance improvements are incredible. It loads instantly now.
REV-1308,2026-07-16,4,"Great experience overall, but the charts sometimes take a second to load."
REV-1309,2026-08-28,1,The app keeps crashing when I try to view my portfolio on my phone.
REV-1310,2026-08-07,5,Absolutely seamless onboarding experience. Highly recommend to everyone!
REV-1311,2026-07-16,1,Terrible customer service. Nobody picked up the phone for 2 hours.
REV-1312,2026-08-24,3,"Fees are a bit high compared to competitors, but the interface is nice."
REV-1313,2026-06-09,4,UI is intuitive and easy to use. Just wish the dark mode had better contrast.
REV-1314,2026-06-09,3,"Fees are a bit high compared to competitors, but the interface is nice."
REV-1315,2026-06-01,2,I was charged a $50 early withdrawal fee without any warning. Unacceptable.
REV-1316,2026-06-09,1,The app keeps crashing when I try to view my portfolio on my phone.
REV-1317,2026-07-08,3,"It's an okay app, but I wish there were more options for setting up recurring deposits."
REV-1318,2026-06-28,3,"It's an okay app, but I wish there were more options for setting up recurring deposits."
REV-1319,2026-07-02,5,Absolutely love this app! The new update is incredibly fast.
REV-1320,2026-08-25,5,Absolutely seamless onboarding experience. Highly recommend to everyone!
REV-1321,2026-06-08,3,"It's an okay app, but I wish there were more options for setting up recurring deposits."
REV-1322,2026-07-13,5,The performance improvements are incredible. It loads instantly now.
REV-1323,2026-08-24,2,Why is there an early withdrawal charge when I moved my funds to a different account?
REV-1324,2026-06-20,2,Why is there an early withdrawal charge when I moved my funds to a different account?
REV-1325,2026-07-15,5,Customer support was amazing when I had an issue. Sarah fixed it instantly!
REV-1326,2026-07-28,4,UI is intuitive and easy to use. Just wish the dark mode had better contrast.
REV-1327,2026-08-04,2,I was charged a $50 early withdrawal fee without any warning. Unacceptable.
REV-1328,2026-06-09,5,Customer support was amazing when I had an issue. Sarah fixed it instantly!
REV-1329,2026-07-19,2,Why is there an early withdrawal charge when I moved my funds to a different account?
REV-1330,2026-06-27,1,Terrible customer service. Nobody picked up the phone for 2 hours.
REV-1331,2026-08-16,5,Absolutely seamless onboarding experience. Highly recommend to everyone!
REV-1332,2026-06-14,5,Absolutely seamless onboarding experience. Highly recommend to everyone!
REV-1333,2026-08-17,1,The app keeps crashing when I try to view my portfolio on my phone.
REV-1334,2026-08-22,5,Absolutely seamless onboarding experience. Highly recommend to everyone!
REV-1335,2026-06-10,4,"Great experience overall, but the charts sometimes take a second to load."
REV-1336,2026-07-03,5,Customer support was amazing when I had an issue. Sarah fixed it instantly!
REV-1337,2026-07-29,4,"Great experience overall, but the charts sometimes take a second to load."
REV-1338,2026-06-19,4,UI is intuitive and easy to use. Just wish the dark mode had better contrast.
REV-1339,2026-07-09,1,Terrible customer service. Nobody picked up the phone for 2 hours.
REV-1340,2026-06-14,1,Terrible customer service. Nobody picked up the phone for 2 hours.
REV-1341,2026-07-17,1,Terrible customer service. Nobody picked up the phone for 2 hours.
REV-1342,2026-06-11,4,UI is intuitive and easy to use. Just wish the dark mode had better contrast.
REV-1343,2026-08-23,3,"Fees are a bit high compared to competitors, but the interface is nice."
REV-1344,2026-08-27,1,Terrible customer service. Nobody picked up the phone for 2 hours.
REV-1345,2026-07-21,3,"Fees are a bit high compared to competitors, but the interface is nice."
REV-1346,2026-08-13,3,"Fees are a bit high compared to competitors, but the interface is nice."
REV-1347,2026-07-06,5,Absolutely seamless onboarding experience. Highly recommend to everyone!
REV-1348,2026-07-27,5,Customer support was amazing when I had an issue. Sarah fixed it instantly!
REV-1349,2026-08-08,1,The app keeps crashing when I try to view my portfolio on my phone.
REV-1350,2026-07-22,4,UI is intuitive and easy to use. Just wish the dark mode had better contrast.
REV-1351,2026-06-01,3,"It's an okay app, but I wish there were more options for setting up recurring deposits."
REV-1352,2026-06-27,5,Customer support was amazing when I had an issue. Sarah fixed it instantly!
REV-1353,2026-06-25,4,UI is intuitive and easy to use. Just wish the dark mode had better contrast.
REV-1354,2026-08-28,1,Terrible customer service. Nobody picked up the phone for 2 hours.
REV-1355,2026-06-15,1,Terrible customer service. Nobody picked up the phone for 2 hours.
REV-1356,2026-08-09,1,Terrible customer service. Nobody picked up the phone for 2 hours.
REV-1357,2026-08-24,1,Terrible customer service. Nobody picked up the phone for 2 hours.
REV-1358,2026-08-02,1,Terrible customer service. Nobody picked up the phone for 2 hours.
REV-1359,2026-06-25,5,The performance improvements are incredible. It loads instantly now.
REV-1360,2026-06-09,3,"It's an okay app, but I wish there were more options for setting up recurring deposits."
REV-1361,2026-08-14,2,Why is there an early withdrawal charge when I moved my funds to a different account?
REV-1362,2026-07-28,2,Why is there an early withdrawal charge when I moved my funds to a different account?
REV-1363,2026-07-23,1,The app keeps crashing when I try to view my portfolio on my phone.
REV-1364,2026-08-09,5,Absolutely seamless onboarding experience. Highly recommend to everyone!
REV-1365,2026-08-18,1,The app keeps crashing when I try to view my portfolio on my phone.
REV-1366,2026-07-23,4,UI is intuitive and easy to use. Just wish the dark mode had better contrast.
REV-1367,2026-06-15,3,"Fees are a bit high compared to competitors, but the interface is nice."
REV-1368,2026-08-11,2,Why is there an early withdrawal charge when I moved my funds to a different account?
REV-1369,2026-08-07,3,"Fees are a bit high compared to competitors, but the interface is nice."
REV-1370,2026-07-10,2,I was charged a $50 early withdrawal fee without any warning. Unacceptable.
REV-1371,2026-08-09,5,The performance improvements are incredible. It loads instantly now.
REV-1372,2026-07-06,4,"Great experience overall, but the charts sometimes take a second to load."
REV-1373,2026-08-10,3,"It's an okay app, but I wish there were more options for setting up recurring deposits."
REV-1374,2026-06-29,1,The app keeps crashing when I try to view my portfolio on my phone.
REV-1375,2026-07-17,5,Absolutely seamless onboarding experience. Highly recommend to everyone!
REV-1376,2026-08-04,2,I was charged a $50 early withdrawal fee without any warning. Unacceptable.
REV-1377,2026-07-27,2,I was charged a $50 early withdrawal fee without any warning. Unacceptable.
REV-1378,2026-06-18,3,"Fees are a bit high compared to competitors, but the interface is nice."
REV-1379,2026-06-16,2,Why is there an early withdrawal charge when I moved my funds to a different account?
REV-1380,2026-07-31,2,I was charged a $50 early withdrawal fee without any warning. Unacceptable.
REV-1381,2026-07-15,5,Absolutely seamless onboarding experience. Highly recommend to everyone!
REV-1382,2026-08-09,1,Terrible customer service. Nobody picked up the phone for 2 hours.
REV-1383,2026-06-24,3,"It's an okay app, but I wish there were more options for setting up recurring deposits."
REV-1384,2026-06-18,1,The app keeps crashing when I try to view my portfolio on my phone.
REV-1385,2026-08-23,5,Absolutely seamless onboarding experience. Highly recommend to everyone!
REV-1386,2026-08-30,4,"Great experience overall, but the charts sometimes take a second to load."
REV-1387,2026-07-17,4,"Great experience overall, but the charts sometimes take a second to load."
REV-1388,2026-06-18,4,UI is intuitive and easy to use. Just wish the dark mode had better contrast.
REV-1389,2026-07-14,1,Terrible customer service. Nobody picked up the phone for 2 hours.
REV-1390,2026-06-26,5,Absolutely seamless onboarding experience. Highly recommend to everyone!
REV-1391,2026-07-27,2,Why is there an early withdrawal charge when I moved my funds to a different account?
REV-1392,2026-07-08,3,"It's an okay app, but I wish there were more options for setting up recurring deposits."
REV-1393,2026-07-30,1,Terrible customer service. Nobody picked up the phone for 2 hours.
REV-1394,2026-07-09,1,The app keeps crashing when I try to view my portfolio on my phone.
REV-1395,2026-08-09,4,UI is intuitive and easy to use. Just wish the dark mode had better contrast.
REV-1396,2026-08-23,5,Absolutely love this app! The new update is incredibly fast.
REV-1397,2026-06-23,1,The app keeps crashing when I try to view my portfolio on my phone.
REV-1398,2026-06-16,1,The app keeps crashing when I try to view my portfolio on my phone.
REV-1399,2026-07-16,3,"Fees are a bit high compared to competitors, but the interface is nice."
REV-1400,2026-08-10,3,"Fees are a bit high compared to competitors, but the interface is nice."
REV-1401,2026-07-09,5,Absolutely seamless onboarding experience. Highly recommend to everyone!
REV-1402,2026-07-09,5,Absolutely love this app! The new update is incredibly fast.
REV-1403,2026-06-19,5,Absolutely love this app! The new update is incredibly fast.
REV-1404,2026-07-14,1,Terrible customer service. Nobody picked up the phone for 2 hours.
REV-1405,2026-06-23,1,Terrible customer service. Nobody picked up the phone for 2 hours.
REV-1406,2026-08-25,5,Absolutely seamless onboarding experience. Highly recommend to everyone!
REV-1407,2026-07-03,3,"It's an okay app, but I wish there were more options for setting up recurring deposits."
REV-1408,2026-06-17,4,"Great experience overall, but the charts sometimes take a second to load."
REV-1409,2026-07-16,2,I was charged a $50 early withdrawal fee without any warning. Unacceptable.
REV-1410,2026-07-14,2,Why is there an early withdrawal charge when I moved my funds to a different account?
REV-1411,2026-07-10,5,The performance improvements are incredible. It loads instantly now.
REV-1412,2026-07-06,3,"It's an okay app, but I wish there were more options for setting up recurring deposits."
REV-1413,2026-07-31,1,Terrible customer service. Nobody picked up the phone for 2 hours.
REV-1414,2026-07-31,3,"Fees are a bit high compared to competitors, but the interface is nice."
REV-1415,2026-07-25,3,"Fees are a bit high compared to competitors, but the interface is nice."
REV-1416,2026-07-31,4,UI is intuitive and easy to use. Just wish the dark mode had better contrast.
REV-1417,2026-08-04,5,The performance improvements are incredible. It loads instantly now.
REV-1418,2026-08-16,5,Absolutely love this app! The new update is incredibly fast.
REV-1419,2026-08-23,3,"Fees are a bit high compared to competitors, but the interface is nice."
REV-1420,2026-08-16,2,I was charged a $50 early withdrawal fee without any warning. Unacceptable.
REV-1421,2026-08-30,5,The performance improvements are incredible. It loads instantly now.
REV-1422,2026-08-04,2,Why is there an early withdrawal charge when I moved my funds to a different account?
REV-1423,2026-08-02,2,I was charged a $50 early withdrawal fee without any warning. Unacceptable.
REV-1424,2026-07-02,2,Why is there an early withdrawal charge when I moved my funds to a different account?
REV-1425,2026-08-08,2,Why is there an early withdrawal charge when I moved my funds to a different account?
REV-1426,2026-08-28,5,The performance improvements are incredible. It loads instantly now.
REV-1427,2026-08-02,5,The performance improvements are incredible. It loads instantly now.
REV-1428,2026-06-02,2,I was charged a $50 early withdrawal fee without any warning. Unacceptable.
REV-1429,2026-07-14,5,Absolutely love this app! The new update is incredibly fast.
REV-1430,2026-06-06,2,Why is there an early withdrawal charge when I moved my funds to a different account?
REV-1431,2026-07-18,5,Customer support was amazing when I had an issue. Sarah fixed it instantly!
REV-1432,2026-07-15,4,"Great experience overall, but the charts sometimes take a second to load."
REV-1433,2026-07-01,2,I was charged a $50 early withdrawal fee without any warning. Unacceptable.
REV-1434,2026-08-23,1,Terrible customer service. Nobody picked up the phone for 2 hours.
REV-1435,2026-07-03,4,"Great experience overall, but the charts sometimes take a second to load."
REV-1436,2026-07-30,2,I was charged a $50 early withdrawal fee without any warning. Unacceptable.
REV-1437,2026-08-18,3,"It's an okay app, but I wish there were more options for setting up recurring deposits."
REV-1438,2026-07-07,3,"Fees are a bit high compared to competitors, but the interface is nice."
REV-1439,2026-06-20,1,Terrible customer service. Nobody picked up the phone for 2 hours.
REV-1440,2026-08-07,5,Absolutely love this app! The new update is incredibly fast.
REV-1441,2026-07-09,3,"Fees are a bit high compared to competitors, but the interface is nice."
REV-1442,2026-07-11,5,Absolutely love this app! The new update is incredibly fast.
REV-1443,2026-06-12,5,Absolutely love this app! The new update is incredibly fast.
REV-1444,2026-07-22,5,Absolutely seamless onboarding experience. Highly recommend to everyone!
REV-1445,2026-08-21,5,Customer support was amazing when I had an issue. Sarah fixed it instantly!
REV-1446,2026-07-19,3,"It's an okay app, but I wish there were more options for setting up recurring deposits."
REV-1447,2026-06-10,5,Absolutely love this app! The new update is incredibly fast.
REV-1448,2026-07-07,5,Absolutely seamless onboarding experience. Highly recommend to everyone!
REV-1449,2026-07-01,3,"Fees are a bit high compared to competitors, but the interface is nice."
REV-1450,2026-06-15,4,"Great experience overall, but the charts sometimes take a second to load."
REV-1451,2026-08-14,5,The performance improvements are incredible. It loads instantly now.
REV-1452,2026-07-18,5,Absolutely seamless onboarding experience. Highly recommend to everyone!
REV-1453,2026-08-18,2,I was charged a $50 early withdrawal fee without any warning. Unacceptable.
REV-1454,2026-06-27,3,"Fees are a bit high compared to competitors, but the interface is nice."
REV-1455,2026-07-08,5,Absolutely love this app! The new update is incredibly fast.
REV-1456,2026-08-06,3,"It's an okay app, but I wish there were more options for setting up recurring deposits."
REV-1457,2026-08-10,2,Why is there an early withdrawal charge when I moved my funds to a different account?
REV-1458,2026-08-02,5,Absolutely seamless onboarding experience. Highly recommend to everyone!
REV-1459,2026-07-23,3,"It's an okay app, but I wish there were more options for setting up recurring deposits."
REV-1460,2026-07-22,3,"Fees are a bit high compared to competitors, but the interface is nice."
REV-1461,2026-06-15,1,The app keeps crashing when I try to view my portfolio on my phone.
REV-1462,2026-07-06,2,Why is there an early withdrawal charge when I moved my funds to a different account?
REV-1463,2026-08-19,3,"Fees are a bit high compared to competitors, but the interface is nice."
REV-1464,2026-07-23,2,Why is there an early withdrawal charge when I moved my funds to a different account?
REV-1465,2026-08-02,2,Why is there an early withdrawal charge when I moved my funds to a different account?
REV-1466,2026-07-04,5,Customer support was amazing when I had an issue. Sarah fixed it instantly!
REV-1467,2026-06-02,2,Why is there an early withdrawal charge when I moved my funds to a different account?
REV-1468,2026-08-27,5,Absolutely love this app! The new update is incredibly fast.
REV-1469,2026-08-29,5,Absolutely seamless onboarding experience. Highly recommend to everyone!
REV-1470,2026-06-25,1,Terrible customer service. Nobody picked up the phone for 2 hours.
REV-1471,2026-08-02,1,The app keeps crashing when I try to view my portfolio on my phone.
REV-1472,2026-07-24,5,Customer support was amazing when I had an issue. Sarah fixed it instantly!
REV-1473,2026-06-19,2,I was charged a $50 early withdrawal fee without any warning. Unacceptable.
REV-1474,2026-06-16,5,Absolutely love this app! The new update is incredibly fast.
REV-1475,2026-07-08,5,Absolutely seamless onboarding experience. Highly recommend to everyone!
REV-1476,2026-07-22,2,Why is there an early withdrawal charge when I moved my funds to a different account?
REV-1477,2026-08-02,3,"It's an okay app, but I wish there were more options for setting up recurring deposits."
REV-1478,2026-07-19,2,Why is there an early withdrawal charge when I moved my funds to a different account?
REV-1479,2026-08-05,5,The performance improvements are incredible. It loads instantly now.
REV-1480,2026-06-22,1,The app keeps crashing when I try to view my portfolio on my phone.
REV-1481,2026-06-10,5,The performance improvements are incredible. It loads instantly now.
REV-1482,2026-06-17,5,The performance improvements are incredible. It loads instantly now.
REV-1483,2026-06-18,4,"Great experience overall, but the charts sometimes take a second to load."
REV-1484,2026-08-17,4,"Great experience overall, but the charts sometimes take a second to load."
REV-1485,2026-06-29,4,UI is intuitive and easy to use. Just wish the dark mode had better contrast.
REV-1486,2026-06-02,3,"Fees are a bit high compared to competitors, but the interface is nice."
REV-1487,2026-06-23,4,"Great experience overall, but the charts sometimes take a second to load."
REV-1488,2026-07-01,3,"Fees are a bit high compared to competitors, but the interface is nice."
REV-1489,2026-08-11,4,UI is intuitive and easy to use. Just wish the dark mode had better contrast.
REV-1490,2026-07-28,4,UI is intuitive and easy to use. Just wish the dark mode had better contrast.
REV-1491,2026-08-21,5,The performance improvements are incredible. It loads instantly now.
REV-1492,2026-08-30,2,Why is there an early withdrawal charge when I moved my funds to a different account?
REV-1493,2026-06-20,5,The performance improvements are incredible. It loads instantly now.
REV-1494,2026-08-24,3,"It's an okay app, but I wish there were more options for setting up recurring deposits."
REV-1495,2026-06-24,3,"It's an okay app, but I wish there were more options for setting up recurring deposits."
REV-1496,2026-08-19,1,Terrible customer service. Nobody picked up the phone for 2 hours.
REV-1497,2026-06-08,4,"Great experience overall, but the charts sometimes take a second to load."
REV-1498,2026-07-05,4,"Great experience overall, but the charts sometimes take a second to load."
REV-1499,2026-07-30,4,UI is intuitive and easy to use. Just wish the dark mode had better contrast.
REV-1500,2026-06-11,5,Absolutely love this app! The new update is incredibly fast.
REV-1501,2026-07-25,1,The app keeps crashing when I try to view my portfolio on my phone.
REV-1502,2026-08-18,3,"It's an okay app, but I wish there were more options for setting up recurring deposits."
REV-1503,2026-08-22,2,Why is there an early withdrawal charge when I moved my funds to a different account?
REV-1504,2026-07-17,5,Absolutely love this app! The new update is incredibly fast.
REV-1505,2026-08-20,2,I was charged a $50 early withdrawal fee without any warning. Unacceptable.
REV-1506,2026-07-30,2,I was charged a $50 early withdrawal fee without any warning. Unacceptable.
REV-1507,2026-08-30,1,The app keeps crashing when I try to view my portfolio on my phone.
REV-1508,2026-07-18,3,"Fees are a bit high compared to competitors, but the interface is nice."
REV-1509,2026-07-11,3,"It's an okay app, but I wish there were more options for setting up recurring deposits."
REV-1510,2026-07-31,1,The app keeps crashing when I try to view my portfolio on my phone.
REV-1511,2026-06-25,5,Absolutely love this app! The new update is incredibly fast.
REV-1512,2026-06-22,2,Why is there an early withdrawal charge when I moved my funds to a different account?
REV-1513,2026-08-24,3,"It's an okay app, but I wish there were more options for setting up recurring deposits."
REV-1514,2026-06-13,3,"Fees are a bit high compared to competitors, but the interface is nice."
REV-1515,2026-08-09,2,I was charged a $50 early withdrawal fee without any warning. Unacceptable.
REV-1516,2026-06-07,4,"Great experience overall, but the charts sometimes take a second to load."
REV-1517,2026-08-03,5,Customer support was amazing when I had an issue. Sarah fixed it instantly!
REV-1518,2026-08-02,3,"It's an okay app, but I wish there were more options for setting up recurring deposits."
REV-1519,2026-08-05,2,Why is there an early withdrawal charge when I moved my funds to a different account?
REV-1520,2026-07-05,3,"Fees are a bit high compared to competitors, but the interface is nice."
REV-1521,2026-08-18,5,Absolutely love this app! The new update is incredibly fast.
REV-1522,2026-07-01,5,Absolutely seamless onboarding experience. Highly recommend to everyone!
REV-1523,2026-07-16,4,"Great experience overall, but the charts sometimes take a second to load."
REV-1524,2026-08-22,2,Why is there an early withdrawal charge when I moved my funds to a different account?
REV-1525,2026-06-25,5,Customer support was amazing when I had an issue. Sarah fixed it instantly!
REV-1526,2026-07-31,2,I was charged a $50 early withdrawal fee without any warning. Unacceptable.
REV-1527,2026-07-01,2,Why is there an early withdrawal charge when I moved my funds to a different account?
REV-1528,2026-06-27,4,UI is intuitive and easy to use. Just wish the dark mode had better contrast.
REV-1529,2026-07-19,5,Customer support was amazing when I had an issue. Sarah fixed it instantly!
REV-1530,2026-07-18,1,Terrible customer service. Nobody picked up the phone for 2 hours.
REV-1531,2026-06-18,5,Absolutely love this app! The new update is incredibly fast.
REV-1532,2026-08-05,2,I was charged a $50 early withdrawal fee without any warning. Unacceptable.
REV-1533,2026-08-26,3,"Fees are a bit high compared to competitors, but the interface is nice."
REV-1534,2026-06-14,5,Customer support was amazing when I had an issue. Sarah fixed it instantly!
REV-1535,2026-08-06,3,"Fees are a bit high compared to competitors, but the interface is nice."
REV-1536,2026-08-20,1,The app keeps crashing when I try to view my portfolio on my phone.
REV-1537,2026-07-01,4,"Great experience overall, but the charts sometimes take a second to load."
REV-1538,2026-08-02,4,UI is intuitive and easy to use. Just wish the dark mode had better contrast.
REV-1539,2026-07-23,1,The app keeps crashing when I try to view my portfolio on my phone.
REV-1540,2026-07-05,5,Absolutely love this app! The new update is incredibly fast.
REV-1541,2026-07-22,4,"Great experience overall, but the charts sometimes take a second to load."
REV-1542,2026-06-19,2,I was charged a $50 early withdrawal fee without any warning. Unacceptable.
REV-1543,2026-07-15,5,Customer support was amazing when I had an issue. Sarah fixed it instantly!
REV-1544,2026-06-20,3,"Fees are a bit high compared to competitors, but the interface is nice."
REV-1545,2026-07-10,1,The app keeps crashing when I try to view my portfolio on my phone.
REV-1546,2026-06-20,4,UI is intuitive and easy to use. Just wish the dark mode had better contrast.
REV-1547,2026-08-12,4,"Great experience overall, but the charts sometimes take a second to load."
REV-1548,2026-06-22,1,Terrible customer service. Nobody picked up the phone for 2 hours.
REV-1549,2026-06-24,5,Customer support was amazing when I had an issue. Sarah fixed it instantly!
REV-1550,2026-08-09,5,Customer support was amazing when I had an issue. Sarah fixed it instantly!
REV-1551,2026-07-08,1,Terrible customer service. Nobody picked up the phone for 2 hours.
REV-1552,2026-06-18,1,Terrible customer service. Nobody picked up the phone for 2 hours.
REV-1553,2026-06-25,3,"Fees are a bit high compared to competitors, but the interface is nice."
REV-1554,2026-07-19,3,"It's an okay app, but I wish there were more options for setting up recurring deposits."
REV-1555,2026-06-25,5,Absolutely love this app! The new update is incredibly fast.
REV-1556,2026-06-13,2,Why is there an early withdrawal charge when I moved my funds to a different account?
REV-1557,2026-06-10,3,"Fees are a bit high compared to competitors, but the interface is nice."
REV-1558,2026-07-05,3,"It's an okay app, but I wish there were more options for setting up recurring deposits."
REV-1559,2026-06-05,5,Absolutely love this app! The new update is incredibly fast.
REV-1560,2026-08-05,5,The performance improvements are incredible. It loads instantly now.
REV-1561,2026-08-14,2,Why is there an early withdrawal charge when I moved my funds to a different account?
REV-1562,2026-07-29,1,The app keeps crashing when I try to view my portfolio on my phone.
REV-1563,2026-08-23,5,The performance improvements are incredible. It loads instantly now.
REV-1564,2026-08-30,4,"Great experience overall, but the charts sometimes take a second to load."
REV-1565,2026-06-09,5,Absolutely seamless onboarding experience. Highly recommend to everyone!
REV-1566,2026-06-14,5,Absolutely love this app! The new update is incredibly fast.
REV-1567,2026-08-17,4,"Great experience overall, but the charts sometimes take a second to load."
REV-1568,2026-06-11,1,The app keeps crashing when I try to view my portfolio on my phone.
REV-1569,2026-06-21,5,Absolutely seamless onboarding experience. Highly recommend to everyone!
REV-1570,2026-07-14,2,I was charged a $50 early withdrawal fee without any warning. Unacceptable.
REV-1571,2026-07-29,1,Terrible customer service. Nobody picked up the phone for 2 hours.
REV-1572,2026-06-23,3,"It's an okay app, but I wish there were more options for setting up recurring deposits."
REV-1573,2026-06-05,4,"Great experience overall, but the charts sometimes take a second to load."
REV-1574,2026-06-29,3,"It's an okay app, but I wish there were more options for setting up recurring deposits."
REV-1575,2026-08-22,1,Terrible customer service. Nobody picked up the phone for 2 hours.
REV-1576,2026-06-17,2,I was charged a $50 early withdrawal fee without any warning. Unacceptable.
REV-1577,2026-07-12,3,"It's an okay app, but I wish there were more options for setting up recurring deposits."
REV-1578,2026-07-07,5,Customer support was amazing when I had an issue. Sarah fixed it instantly!
REV-1579,2026-06-14,3,"It's an okay app, but I wish there were more options for setting up recurring deposits."
REV-1580,2026-06-18,5,Customer support was amazing when I had an issue. Sarah fixed it instantly!
REV-1581,2026-08-12,4,"Great experience overall, but the charts sometimes take a second to load."
REV-1582,2026-07-27,3,"It's an okay app, but I wish there were more options for setting up recurring deposits."
REV-1583,2026-08-26,5,The performance improvements are incredible. It loads instantly now.
REV-1584,2026-07-14,5,Absolutely love this app! The new update is incredibly fast.
REV-1585,2026-07-24,1,Terrible customer service. Nobody picked up the phone for 2 hours.
REV-1586,2026-07-03,5,Customer support was amazing when I had an issue. Sarah fixed it instantly!
REV-1587,2026-07-29,1,Terrible customer service. Nobody picked up the phone for 2 hours.
REV-1588,2026-08-27,4,"Great experience overall, but the charts sometimes take a second to load."
REV-1589,2026-08-27,5,Customer support was amazing when I had an issue. Sarah fixed it instantly!
REV-1590,2026-07-08,4,"Great experience overall, but the charts sometimes take a second to load."
REV-1591,2026-08-08,2,I was charged a $50 early withdrawal fee without any warning. Unacceptable.
REV-1592,2026-06-10,5,Customer support was amazing when I had an issue. Sarah fixed it instantly!
REV-1593,2026-07-29,5,Customer support was amazing when I had an issue. Sarah fixed it instantly!
REV-1594,2026-08-20,4,"Great experience overall, but the charts sometimes take a second to load."
REV-1595,2026-07-03,2,Why is there an early withdrawal charge when I moved my funds to a different account?
REV-1596,2026-07-26,4,"Great experience overall, but the charts sometimes take a second to load."
REV-1597,2026-08-14,5,The performance improvements are incredible. It loads instantly now.
REV-1598,2026-07-12,5,Absolutely seamless onboarding experience. Highly recommend to everyone!
REV-1599,2026-06-19,2,Why is there an early withdrawal charge when I moved my funds to a different account?
REV-1600,2026-07-24,3,"Fees are a bit high compared to competitors, but the interface is nice."
REV-1601,2026-06-07,2,I was charged a $50 early withdrawal fee without any warning. Unacceptable.
REV-1602,2026-07-06,5,The performance improvements are incredible. It loads instantly now.
REV-1603,2026-08-11,5,Absolutely seamless onboarding experience. Highly recommend to everyone!
REV-1604,2026-08-07,4,UI is intuitive and easy to use. Just wish the dark mode had better contrast.
REV-1605,2026-08-29,1,The app keeps crashing when I try to view my portfolio on my phone.
REV-1606,2026-07-12,2,I was charged a $50 early withdrawal fee without any warning. Unacceptable.
REV-1607,2026-07-21,3,"Fees are a bit high compared to competitors, but the interface is nice."
REV-1608,2026-06-13,5,The performance improvements are incredible. It loads instantly now.
REV-1609,2026-06-02,4,"Great experience overall, but the charts sometimes take a second to load."
REV-1610,2026-06-27,2,Why is there an early withdrawal charge when I moved my funds to a different account?
REV-1611,2026-07-12,2,I was charged a $50 early withdrawal fee without any warning. Unacceptable.
REV-1612,2026-07-16,1,Terrible customer service. Nobody picked up the phone for 2 hours.
REV-1613,2026-06-24,2,Why is there an early withdrawal charge when I moved my funds to a different account?
REV-1614,2026-07-05,3,"Fees are a bit high compared to competitors, but the interface is nice."
REV-1615,2026-08-09,3,"Fees are a bit high compared to competitors, but the interface is nice."
REV-1616,2026-06-17,5,Absolutely love this app! The new update is incredibly fast.
REV-1617,2026-07-06,1,The app keeps crashing when I try to view my portfolio on my phone.
REV-1618,2026-08-01,3,"Fees are a bit high compared to competitors, but the interface is nice."
REV-1619,2026-08-18,2,Why is there an early withdrawal charge when I moved my funds to a different account?
REV-1620,2026-06-17,5,Customer support was amazing when I had an issue. Sarah fixed it instantly!
REV-1621,2026-07-14,3,"Fees are a bit high compared to competitors, but the interface is nice."
REV-1622,2026-07-12,4,"Great experience overall, but the charts sometimes take a second to load."
REV-1623,2026-08-28,4,"Great experience overall, but the charts sometimes take a second to load."
REV-1624,2026-06-12,1,The app keeps crashing when I try to view my portfolio on my phone.
REV-1625,2026-08-25,4,UI is intuitive and easy to use. Just wish the dark mode had better contrast.
REV-1626,2026-06-24,2,I was charged a $50 early withdrawal fee without any warning. Unacceptable.
REV-1627,2026-08-12,4,"Great experience overall, but the charts sometimes take a second to load."
REV-1628,2026-07-11,1,Terrible customer service. Nobody picked up the phone for 2 hours.
REV-1629,2026-08-27,5,Customer support was amazing when I had an issue. Sarah fixed it instantly!
REV-1630,2026-07-08,3,"It's an okay app, but I wish there were more options for setting up recurring deposits."
REV-1631,2026-08-19,5,The performance improvements are incredible. It loads instantly now.
REV-1632,2026-06-09,4,"Great experience overall, but the charts sometimes take a second to load."
REV-1633,2026-08-28,5,Customer support was amazing when I had an issue. Sarah fixed it instantly!
REV-1634,2026-08-27,5,Absolutely love this app! The new update is incredibly fast.
REV-1635,2026-06-18,4,UI is intuitive and easy to use. Just wish the dark mode had better contrast.
REV-1636,2026-06-23,1,The app keeps crashing when I try to view my portfolio on my phone.
REV-1637,2026-07-01,5,Customer support was amazing when I had an issue. Sarah fixed it instantly!
REV-1638,2026-08-06,3,"It's an okay app, but I wish there were more options for setting up recurring deposits."
REV-1639,2026-08-14,3,"It's an okay app, but I wish there were more options for setting up recurring deposits."
REV-1640,2026-06-30,1,Terrible customer service. Nobody picked up the phone for 2 hours.
REV-1641,2026-08-13,5,Customer support was amazing when I had an issue. Sarah fixed it instantly!
REV-1642,2026-08-29,2,I was charged a $50 early withdrawal fee without any warning. Unacceptable.
REV-1643,2026-08-06,5,Customer support was amazing when I had an issue. Sarah fixed it instantly!
REV-1644,2026-06-16,5,Absolutely seamless onboarding experience. Highly recommend to everyone!
REV-1645,2026-06-11,3,"It's an okay app, but I wish there were more options for setting up recurring deposits."
REV-1646,2026-06-19,5,The performance improvements are incredible. It loads instantly now.
REV-1647,2026-08-20,4,UI is intuitive and easy to use. Just wish the dark mode had better contrast.
REV-1648,2026-08-16,5,Absolutely love this app! The new update is incredibly fast.
REV-1649,2026-06-12,4,"Great experience overall, but the charts sometimes take a second to load."
REV-1650,2026-06-17,2,I was charged a $50 early withdrawal fee without any warning. Unacceptable.
REV-1651,2026-08-19,5,Absolutely seamless onboarding experience. Highly recommend to everyone!
REV-1652,2026-07-06,5,Absolutely love this app! The new update is incredibly fast.
REV-1653,2026-07-10,5,Customer support was amazing when I had an issue. Sarah fixed it instantly!
REV-1654,2026-08-10,5,The performance improvements are incredible. It loads instantly now.
REV-1655,2026-06-14,4,UI is intuitive and easy to use. Just wish the dark mode had better contrast.
REV-1656,2026-07-29,5,The performance improvements are incredible. It loads instantly now.
REV-1657,2026-07-04,3,"Fees are a bit high compared to competitors, but the interface is nice."
REV-1658,2026-07-27,2,Why is there an early withdrawal charge when I moved my funds to a different account?
REV-1659,2026-06-03,4,"Great experience overall, but the charts sometimes take a second to load."
REV-1660,2026-07-18,2,I was charged a $50 early withdrawal fee without any warning. Unacceptable.
REV-1661,2026-08-08,5,Customer support was amazing when I had an issue. Sarah fixed it instantly!
REV-1662,2026-08-20,5,Customer support was amazing when I had an issue. Sarah fixed it instantly!
REV-1663,2026-07-26,3,"It's an okay app, but I wish there were more options for setting up recurring deposits."
REV-1664,2026-06-10,1,The app keeps crashing when I try to view my portfolio on my phone.
REV-1665,2026-06-23,2,I was charged a $50 early withdrawal fee without any warning. Unacceptable.
REV-1666,2026-06-02,4,"Great experience overall, but the charts sometimes take a second to load."
REV-1667,2026-08-12,1,The app keeps crashing when I try to view my portfolio on my phone.
REV-1668,2026-07-21,1,Terrible customer service. Nobody picked up the phone for 2 hours.
REV-1669,2026-07-09,5,Absolutely love this app! The new update is incredibly fast.
REV-1670,2026-08-10,2,Why is there an early withdrawal charge when I moved my funds to a different account?
REV-1671,2026-07-04,2,Why is there an early withdrawal charge when I moved my funds to a different account?
REV-1672,2026-06-22,3,"It's an okay app, but I wish there were more options for setting up recurring deposits."
REV-1673,2026-06-19,5,Absolutely seamless onboarding experience. Highly recommend to everyone!
REV-1674,2026-08-16,4,UI is intuitive and easy to use. Just wish the dark mode had better contrast.
REV-1675,2026-08-18,2,Why is there an early withdrawal charge when I moved my funds to a different account?
REV-1676,2026-08-22,2,I was charged a $50 early withdrawal fee without any warning. Unacceptable.
REV-1677,2026-06-17,4,UI is intuitive and easy to use. Just wish the dark mode had better contrast.
REV-1678,2026-06-01,1,Terrible customer service. Nobody picked up the phone for 2 hours.
REV-1679,2026-08-12,2,Why is there an early withdrawal charge when I moved my funds to a different account?
REV-1680,2026-08-07,2,Why is there an early withdrawal charge when I moved my funds to a different account?
REV-1681,2026-08-13,5,The performance improvements are incredible. It loads instantly now.
REV-1682,2026-06-17,5,The performance improvements are incredible. It loads instantly now.
REV-1683,2026-07-29,3,"Fees are a bit high compared to competitors, but the interface is nice."
REV-1684,2026-06-02,3,"Fees are a bit high compared to competitors, but the interface is nice."
REV-1685,2026-07-09,1,The app keeps crashing when I try to view my portfolio on my phone.
REV-1686,2026-08-08,3,"Fees are a bit high compared to competitors, but the interface is nice."
REV-1687,2026-07-25,3,"It's an okay app, but I wish there were more options for setting up recurring deposits."
REV-1688,2026-06-19,5,Absolutely seamless onboarding experience. Highly recommend to everyone!
REV-1689,2026-07-01,5,Absolutely seamless onboarding experience. Highly recommend to everyone!
REV-1690,2026-08-02,4,UI is intuitive and easy to use. Just wish the dark mode had better contrast.
REV-1691,2026-07-27,4,"Great experience overall, but the charts sometimes take a second to load."
REV-1692,2026-06-20,5,Absolutely seamless onboarding experience. Highly recommend to everyone!
REV-1693,2026-07-05,1,Terrible customer service. Nobody picked up the phone for 2 hours.
REV-1694,2026-07-02,5,Absolutely seamless onboarding experience. Highly recommend to everyone!
REV-1695,2026-08-11,2,Why is there an early withdrawal charge when I moved my funds to a different account?
REV-1696,2026-06-04,3,"Fees are a bit high compared to competitors, but the interface is nice."
REV-1697,2026-07-14,2,I was charged a $50 early withdrawal fee without any warning. Unacceptable.
REV-1698,2026-07-20,1,Terrible customer service. Nobody picked up the phone for 2 hours.
REV-1699,2026-06-17,2,Why is there an early withdrawal charge when I moved my funds to a different account?
REV-1700,2026-07-07,5,The performance improvements are incredible. It loads instantly now.
REV-1701,2026-06-08,2,I was charged a $50 early withdrawal fee without any warning. Unacceptable.
REV-1702,2026-06-18,5,Absolutely seamless onboarding experience. Highly recommend to everyone!
REV-1703,2026-06-13,2,I was charged a $50 early withdrawal fee without any warning. Unacceptable.
REV-1704,2026-06-20,5,Customer support was amazing when I had an issue. Sarah fixed it instantly!
REV-1705,2026-06-12,4,"Great experience overall, but the charts sometimes take a second to load."
REV-1706,2026-06-03,1,The app keeps crashing when I try to view my portfolio on my phone.
REV-1707,2026-06-06,4,"Great experience overall, but the charts sometimes take a second to load."
REV-1708,2026-06-03,1,The app keeps crashing when I try to view my portfolio on my phone.
REV-1709,2026-06-08,5,The performance improvements are incredible. It loads instantly now.
REV-1710,2026-06-25,4,"Great experience overall, but the charts sometimes take a second to load."
REV-1711,2026-08-27,5,The performance improvements are incredible. It loads instantly now.
REV-1712,2026-07-04,4,UI is intuitive and easy to use. Just wish the dark mode had better contrast.
REV-1713,2026-07-03,5,Absolutely love this app! The new update is incredibly fast.
REV-1714,2026-07-30,3,"Fees are a bit high compared to competitors, but the interface is nice."
REV-1715,2026-06-16,4,"Great experience overall, but the charts sometimes take a second to load."
REV-1716,2026-06-18,5,The performance improvements are incredible. It loads instantly now.
REV-1717,2026-08-20,4,"Great experience overall, but the charts sometimes take a second to load."
REV-1718,2026-08-05,2,Why is there an early withdrawal charge when I moved my funds to a different account?
REV-1719,2026-08-23,2,Why is there an early withdrawal charge when I moved my funds to a different account?
REV-1720,2026-07-20,3,"Fees are a bit high compared to competitors, but the interface is nice."
REV-1721,2026-08-26,2,I was charged a $50 early withdrawal fee without any warning. Unacceptable.
REV-1722,2026-08-30,4,UI is intuitive and easy to use. Just wish the dark mode had better contrast.
REV-1723,2026-08-09,5,The performance improvements are incredible. It loads instantly now.
REV-1724,2026-08-26,3,"It's an okay app, but I wish there were more options for setting up recurring deposits."
REV-1725,2026-06-21,3,"It's an okay app, but I wish there were more options for setting up recurring deposits."
REV-1726,2026-07-01,5,Absolutely love this app! The new update is incredibly fast.
REV-1727,2026-08-06,3,"It's an okay app, but I wish there were more options for setting up recurring deposits."
REV-1728,2026-08-09,5,Absolutely love this app! The new update is incredibly fast.
REV-1729,2026-06-06,2,I was charged a $50 early withdrawal fee without any warning. Unacceptable.
REV-1730,2026-08-16,1,The app keeps crashing when I try to view my portfolio on my phone.
REV-1731,2026-08-06,4,"Great experience overall, but the charts sometimes take a second to load."
REV-1732,2026-07-02,3,"It's an okay app, but I wish there were more options for setting up recurring deposits."
REV-1733,2026-07-01,2,I was charged a $50 early withdrawal fee without any warning. Unacceptable.
REV-1734,2026-07-23,2,Why is there an early withdrawal charge when I moved my funds to a different account?
REV-1735,2026-07-03,3,"It's an okay app, but I wish there were more options for setting up recurring deposits."
REV-1736,2026-08-13,5,The performance improvements are incredible. It loads instantly now.
REV-1737,2026-07-03,4,"Great experience overall, but the charts sometimes take a second to load."
REV-1738,2026-07-26,3,"It's an okay app, but I wish there were more options for setting up recurring deposits."
REV-1739,2026-06-22,2,Why is there an early withdrawal charge when I moved my funds to a different account?
REV-1740,2026-08-30,1,The app keeps crashing when I try to view my portfolio on my phone.
REV-1741,2026-06-12,3,"It's an okay app, but I wish there were more options for setting up recurring deposits."
REV-1742,2026-07-01,1,The app keeps crashing when I try to view my portfolio on my phone.
REV-1743,2026-08-03,2,Why is there an early withdrawal charge when I moved my funds to a different account?
REV-1744,2026-07-14,2,I was charged a $50 early withdrawal fee without any warning. Unacceptable.
REV-1745,2026-07-04,2,I was charged a $50 early withdrawal fee without any warning. Unacceptable.
REV-1746,2026-07-14,5,The performance improvements are incredible. It loads instantly now.
REV-1747,2026-07-25,2,Why is there an early withdrawal charge when I moved my funds to a different account?
REV-1748,2026-08-20,3,"It's an okay app, but I wish there were more options for setting up recurring deposits."
REV-1749,2026-08-18,5,Customer support was amazing when I had an issue. Sarah fixed it instantly!
REV-1750,2026-06-21,5,Absolutely seamless onboarding experience. Highly recommend to everyone!
REV-1751,2026-08-27,1,The app keeps crashing when I try to view my portfolio on my phone.
REV-1752,2026-07-23,1,Terrible customer service. Nobody picked up the phone for 2 hours.
REV-1753,2026-08-07,5,The performance improvements are incredible. It loads instantly now.
REV-1754,2026-06-04,4,"Great experience overall, but the charts sometimes take a second to load."
REV-1755,2026-06-24,2,I was charged a $50 early withdrawal fee without any warning. Unacceptable.
REV-1756,2026-07-12,5,Customer support was amazing when I had an issue. Sarah fixed it instantly!
REV-1757,2026-08-27,5,Absolutely love this app! The new update is incredibly fast.
REV-1758,2026-08-22,5,Customer support was amazing when I had an issue. Sarah fixed it instantly!
REV-1759,2026-07-18,3,"Fees are a bit high compared to competitors, but the interface is nice."
REV-1760,2026-07-04,3,"Fees are a bit high compared to competitors, but the interface is nice."
REV-1761,2026-07-25,4,"Great experience overall, but the charts sometimes take a second to load."
REV-1762,2026-07-11,5,Absolutely seamless onboarding experience. Highly recommend to everyone!
REV-1763,2026-08-14,3,"Fees are a bit high compared to competitors, but the interface is nice."
REV-1764,2026-08-08,5,Customer support was amazing when I had an issue. Sarah fixed it instantly!
REV-1765,2026-07-23,5,Absolutely love this app! The new update is incredibly fast.
REV-1766,2026-06-18,3,"Fees are a bit high compared to competitors, but the interface is nice."
REV-1767,2026-06-19,3,"Fees are a bit high compared to competitors, but the interface is nice."
REV-1768,2026-08-19,1,The app keeps crashing when I try to view my portfolio on my phone.
REV-1769,2026-08-18,3,"Fees are a bit high compared to competitors, but the interface is nice."
REV-1770,2026-08-03,3,"It's an okay app, but I wish there were more options for setting up recurring deposits."
REV-1771,2026-06-20,5,The performance improvements are incredible. It loads instantly now.
REV-1772,2026-07-13,5,Absolutely love this app! The new update is incredibly fast.
REV-1773,2026-08-06,5,The performance improvements are incredible. It loads instantly now.
REV-1774,2026-07-19,5,Customer support was amazing when I had an issue. Sarah fixed it instantly!
REV-1775,2026-06-18,2,Why is there an early withdrawal charge when I moved my funds to a different account?
REV-1776,2026-07-23,2,Why is there an early withdrawal charge when I moved my funds to a different account?
REV-1777,2026-06-20,1,Terrible customer service. Nobody picked up the phone for 2 hours.
REV-1778,2026-08-23,1,Terrible customer service. Nobody picked up the phone for 2 hours.
REV-1779,2026-06-28,3,"It's an okay app, but I wish there were more options for setting up recurring deposits."
REV-1780,2026-07-04,4,UI is intuitive and easy to use. Just wish the dark mode had better contrast.
REV-1781,2026-08-08,5,Absolutely seamless onboarding experience. Highly recommend to everyone!
REV-1782,2026-07-28,5,Absolutely seamless onboarding experience. Highly recommend to everyone!
REV-1783,2026-06-13,5,Absolutely love this app! The new update is incredibly fast.
REV-1784,2026-06-10,2,Why is there an early withdrawal charge when I moved my funds to a different account?
REV-1785,2026-08-12,3,"It's an okay app, but I wish there were more options for setting up recurring deposits."
REV-1786,2026-08-06,5,The performance improvements are incredible. It loads instantly now.
REV-1787,2026-08-14,4,"Great experience overall, but the charts sometimes take a second to load."
REV-1788,2026-06-02,3,"Fees are a bit high compared to competitors, but the interface is nice."
REV-1789,2026-07-22,5,Absolutely love this app! The new update is incredibly fast.
REV-1790,2026-08-21,5,The performance improvements are incredible. It loads instantly now.
REV-1791,2026-06-28,2,Why is there an early withdrawal charge when I moved my funds to a different account?
REV-1792,2026-08-03,1,Terrible customer service. Nobody picked up the phone for 2 hours.
REV-1793,2026-06-21,5,Absolutely seamless onboarding experience. Highly recommend to everyone!
REV-1794,2026-07-14,5,Absolutely love this app! The new update is incredibly fast.
REV-1795,2026-08-28,4,"Great experience overall, but the charts sometimes take a second to load."
REV-1796,2026-06-28,2,I was charged a $50 early withdrawal fee without any warning. Unacceptable.
REV-1797,2026-06-05,5,Absolutely seamless onboarding experience. Highly recommend to everyone!
REV-1798,2026-06-13,5,Absolutely seamless onboarding experience. Highly recommend to everyone!
REV-1799,2026-07-24,5,Absolutely seamless onboarding experience. Highly recommend to everyone!
REV-1800,2026-07-01,2,I was charged a $50 early withdrawal fee without any warning. Unacceptable.
REV-1801,2026-08-24,5,Absolutely love this app! The new update is incredibly fast.
REV-1802,2026-06-23,5,Absolutely love this app! The new update is incredibly fast.
REV-1803,2026-07-23,4,UI is intuitive and easy to use. Just wish the dark mode had better contrast.
REV-1804,2026-08-25,2,Why is there an early withdrawal charge when I moved my funds to a different account?
REV-1805,2026-06-23,3,"Fees are a bit high compared to competitors, but the interface is nice."
REV-1806,2026-08-01,5,Customer support was amazing when I had an issue. Sarah fixed it instantly!
REV-1807,2026-08-21,5,Absolutely seamless onboarding experience. Highly recommend to everyone!
REV-1808,2026-06-04,2,Why is there an early withdrawal charge when I moved my funds to a different account?
REV-1809,2026-07-18,5,The performance improvements are incredible. It loads instantly now.
REV-1810,2026-08-03,3,"Fees are a bit high compared to competitors, but the interface is nice."
REV-1811,2026-07-16,5,Absolutely seamless onboarding experience. Highly recommend to everyone!
REV-1812,2026-06-28,5,Customer support was amazing when I had an issue. Sarah fixed it instantly!
REV-1813,2026-08-07,5,Customer support was amazing when I had an issue. Sarah fixed it instantly!
REV-1814,2026-06-10,5,The performance improvements are incredible. It loads instantly now.
REV-1815,2026-07-10,5,The performance improvements are incredible. It loads instantly now.
REV-1816,2026-08-25,5,The performance improvements are incredible. It loads instantly now.
REV-1817,2026-08-24,2,I was charged a $50 early withdrawal fee without any warning. Unacceptable.
REV-1818,2026-08-04,2,I was charged a $50 early withdrawal fee without any warning. Unacceptable.
REV-1819,2026-06-07,4,UI is intuitive and easy to use. Just wish the dark mode had better contrast.
REV-1820,2026-06-10,3,"It's an okay app, but I wish there were more options for setting up recurring deposits."
REV-1821,2026-07-01,3,"It's an okay app, but I wish there were more options for setting up recurring deposits."
REV-1822,2026-07-02,2,Why is there an early withdrawal charge when I moved my funds to a different account?
REV-1823,2026-06-07,5,The performance improvements are incredible. It loads instantly now.
REV-1824,2026-07-13,4,"Great experience overall, but the charts sometimes take a second to load."
REV-1825,2026-06-30,5,The performance improvements are incredible. It loads instantly now.
REV-1826,2026-06-27,5,Customer support was amazing when I had an issue. Sarah fixed it instantly!
REV-1827,2026-07-31,2,Why is there an early withdrawal charge when I moved my funds to a different account?
REV-1828,2026-07-01,2,I was charged a $50 early withdrawal fee without any warning. Unacceptable.
REV-1829,2026-06-28,5,Customer support was amazing when I had an issue. Sarah fixed it instantly!
REV-1830,2026-08-27,5,Customer support was amazing when I had an issue. Sarah fixed it instantly!
REV-1831,2026-06-02,5,Absolutely seamless onboarding experience. Highly recommend to everyone!
REV-1832,2026-06-04,5,Customer support was amazing when I had an issue. Sarah fixed it instantly!
REV-1833,2026-08-13,5,The performance improvements are incredible. It loads instantly now.
REV-1834,2026-06-23,4,UI is intuitive and easy to use. Just wish the dark mode had better contrast.
REV-1835,2026-07-23,5,Absolutely seamless onboarding experience. Highly recommend to everyone!
REV-1836,2026-06-21,4,"Great experience overall, but the charts sometimes take a second to load."
REV-1837,2026-08-29,4,UI is intuitive and easy to use. Just wish the dark mode had better contrast.
REV-1838,2026-07-06,2,I was charged a $50 early withdrawal fee without any warning. Unacceptable.
REV-1839,2026-08-14,5,The performance improvements are incredible. It loads instantly now.
REV-1840,2026-08-06,5,Customer support was amazing when I had an issue. Sarah fixed it instantly!
REV-1841,2026-07-12,5,Absolutely seamless onboarding experience. Highly recommend to everyone!
REV-1842,2026-06-13,3,"Fees are a bit high compared to competitors, but the interface is nice."
REV-1843,2026-06-09,3,"It's an okay app, but I wish there were more options for setting up recurring deposits."
REV-1844,2026-07-01,1,The app keeps crashing when I try to view my portfolio on my phone.
REV-1845,2026-08-28,5,Absolutely seamless onboarding experience. Highly recommend to everyone!
REV-1846,2026-08-14,5,Customer support was amazing when I had an issue. Sarah fixed it instantly!
REV-1847,2026-08-17,5,The performance improvements are incredible. It loads instantly now.
REV-1848,2026-06-26,3,"It's an okay app, but I wish there were more options for setting up recurring deposits."
REV-1849,2026-08-19,5,Absolutely love this app! The new update is incredibly fast.
REV-1850,2026-07-04,4,UI is intuitive and easy to use. Just wish the dark mode had better contrast.
REV-1851,2026-08-09,4,UI is intuitive and easy to use. Just wish the dark mode had better contrast.
REV-1852,2026-07-19,1,Terrible customer service. Nobody picked up the phone for 2 hours.
REV-1853,2026-08-01,5,Absolutely seamless onboarding experience. Highly recommend to everyone!
REV-1854,2026-06-03,3,"Fees are a bit high compared to competitors, but the interface is nice."
REV-1855,2026-08-23,2,I was charged a $50 early withdrawal fee without any warning. Unacceptable.
REV-1856,2026-07-21,1,The app keeps crashing when I try to view my portfolio on my phone.
REV-1857,2026-07-09,3,"Fees are a bit high compared to competitors, but the interface is nice."
REV-1858,2026-08-23,4,"Great experience overall, but the charts sometimes take a second to load."
REV-1859,2026-07-21,2,I was charged a $50 early withdrawal fee without any warning. Unacceptable.
REV-1860,2026-06-25,3,"Fees are a bit high compared to competitors, but the interface is nice."
REV-1861,2026-07-20,5,Customer support was amazing when I had an issue. Sarah fixed it instantly!
REV-1862,2026-07-06,4,UI is intuitive and easy to use. Just wish the dark mode had better contrast.
REV-1863,2026-06-27,5,Absolutely seamless onboarding experience. Highly recommend to everyone!
REV-1864,2026-07-21,2,I was charged a $50 early withdrawal fee without any warning. Unacceptable.
REV-1865,2026-08-27,3,"It's an okay app, but I wish there were more options for setting up recurring deposits."
REV-1866,2026-07-19,3,"It's an okay app, but I wish there were more options for setting up recurring deposits."
REV-1867,2026-06-25,3,"Fees are a bit high compared to competitors, but the interface is nice."
REV-1868,2026-08-17,3,"It's an okay app, but I wish there were more options for setting up recurring deposits."
REV-1869,2026-07-24,5,Absolutely love this app! The new update is incredibly fast.
REV-1870,2026-06-09,5,The performance improvements are incredible. It loads instantly now.
REV-1871,2026-08-23,5,Absolutely seamless onboarding experience. Highly recommend to everyone!
REV-1872,2026-06-17,3,"It's an okay app, but I wish there were more options for setting up recurring deposits."
REV-1873,2026-06-22,2,Why is there an early withdrawal charge when I moved my funds to a different account?
REV-1874,2026-07-09,4,"Great experience overall, but the charts sometimes take a second to load."
REV-1875,2026-07-02,5,Customer support was amazing when I had an issue. Sarah fixed it instantly!
REV-1876,2026-07-14,5,Absolutely seamless onboarding experience. Highly recommend to everyone!
REV-1877,2026-06-19,5,Customer support was amazing when I had an issue. Sarah fixed it instantly!
REV-1878,2026-07-25,4,UI is intuitive and easy to use. Just wish the dark mode had better contrast.
REV-1879,2026-08-13,3,"Fees are a bit high compared to competitors, but the interface is nice."
REV-1880,2026-07-01,5,Customer support was amazing when I had an issue. Sarah fixed it instantly!
REV-1881,2026-08-06,2,Why is there an early withdrawal charge when I moved my funds to a different account?
REV-1882,2026-07-16,3,"Fees are a bit high compared to competitors, but the interface is nice."
REV-1883,2026-07-25,4,"Great experience overall, but the charts sometimes take a second to load."
REV-1884,2026-06-17,1,The app keeps crashing when I try to view my portfolio on my phone.
REV-1885,2026-08-02,3,"Fees are a bit high compared to competitors, but the interface is nice."
REV-1886,2026-06-05,5,Absolutely love this app! The new update is incredibly fast.
REV-1887,2026-06-04,4,"Great experience overall, but the charts sometimes take a second to load."
REV-1888,2026-07-02,4,UI is intuitive and easy to use. Just wish the dark mode had better contrast.
REV-1889,2026-06-10,5,Absolutely love this app! The new update is incredibly fast.
REV-1890,2026-08-02,5,Absolutely seamless onboarding experience. Highly recommend to everyone!
REV-1891,2026-06-20,4,"Great experience overall, but the charts sometimes take a second to load."
REV-1892,2026-06-26,3,"It's an okay app, but I wish there were more options for setting up recurring deposits."
REV-1893,2026-06-04,5,Customer support was amazing when I had an issue. Sarah fixed it instantly!
REV-1894,2026-08-22,2,Why is there an early withdrawal charge when I moved my funds to a different account?
REV-1895,2026-08-28,5,The performance improvements are incredible. It loads instantly now.
REV-1896,2026-06-13,4,"Great experience overall, but the charts sometimes take a second to load."
REV-1897,2026-06-04,1,Terrible customer service. Nobody picked up the phone for 2 hours.
REV-1898,2026-08-25,3,"It's an okay app, but I wish there were more options for setting up recurring deposits."
REV-1899,2026-08-04,1,Terrible customer service. Nobody picked up the phone for 2 hours.
REV-1900,2026-06-11,1,The app keeps crashing when I try to view my portfolio on my phone.
REV-1901,2026-08-14,2,Why is there an early withdrawal charge when I moved my funds to a different account?
REV-1902,2026-07-28,5,Absolutely love this app! The new update is incredibly fast.
REV-1903,2026-06-02,4,"Great experience overall, but the charts sometimes take a second to load."
REV-1904,2026-06-15,2,I was charged a $50 early withdrawal fee without any warning. Unacceptable.
REV-1905,2026-07-13,5,Absolutely love this app! The new update is incredibly fast.
REV-1906,2026-08-22,4,"Great experience overall, but the charts sometimes take a second to load."
REV-1907,2026-08-17,4,"Great experience overall, but the charts sometimes take a second to load."
REV-1908,2026-08-27,5,Absolutely love this app! The new update is incredibly fast.
REV-1909,2026-08-01,1,The app keeps crashing when I try to view my portfolio on my phone.
REV-1910,2026-08-12,5,Absolutely seamless onboarding experience. Highly recommend to everyone!
REV-1911,2026-08-09,2,I was charged a $50 early withdrawal fee without any warning. Unacceptable.
REV-1912,2026-08-13,5,Absolutely seamless onboarding experience. Highly recommend to everyone!
REV-1913,2026-06-03,3,"Fees are a bit high compared to competitors, but the interface is nice."
REV-1914,2026-07-07,2,Why is there an early withdrawal charge when I moved my funds to a different account?
REV-1915,2026-06-11,4,"Great experience overall, but the charts sometimes take a second to load."
REV-1916,2026-07-02,3,"Fees are a bit high compared to competitors, but the interface is nice."
REV-1917,2026-07-11,1,The app keeps crashing when I try to view my portfolio on my phone.
REV-1918,2026-06-23,3,"Fees are a bit high compared to competitors, but the interface is nice."
REV-1919,2026-06-04,5,Customer support was amazing when I had an issue. Sarah fixed it instantly!
REV-1920,2026-08-13,4,"Great experience overall, but the charts sometimes take a second to load."
REV-1921,2026-08-11,3,"Fees are a bit high compared to competitors, but the interface is nice."
REV-1922,2026-08-05,4,UI is intuitive and easy to use. Just wish the dark mode had better contrast.
REV-1923,2026-08-20,2,I was charged a $50 early withdrawal fee without any warning. Unacceptable.
REV-1924,2026-07-20,5,Customer support was amazing when I had an issue. Sarah fixed it instantly!
REV-1925,2026-07-13,1,The app keeps crashing when I try to view my portfolio on my phone.
REV-1926,2026-08-05,3,"It's an okay app, but I wish there were more options for setting up recurring deposits."
REV-1927,2026-07-22,5,Customer support was amazing when I had an issue. Sarah fixed it instantly!
REV-1928,2026-08-22,5,Absolutely love this app! The new update is incredibly fast.
REV-1929,2026-07-16,3,"Fees are a bit high compared to competitors, but the interface is nice."
REV-1930,2026-07-07,4,UI is intuitive and easy to use. Just wish the dark mode had better contrast.
REV-1931,2026-07-31,2,Why is there an early withdrawal charge when I moved my funds to a different account?
REV-1932,2026-08-10,4,UI is intuitive and easy to use. Just wish the dark mode had better contrast.
REV-1933,2026-08-17,5,The performance improvements are incredible. It loads instantly now.
REV-1934,2026-07-13,5,The performance improvements are incredible. It loads instantly now.
REV-1935,2026-06-20,4,"Great experience overall, but the charts sometimes take a second to load."
REV-1936,2026-07-12,4,"Great experience overall, but the charts sometimes take a second to load."
REV-1937,2026-07-20,5,Customer support was amazing when I had an issue. Sarah fixed it instantly!
REV-1938,2026-08-08,1,Terrible customer service. Nobody picked up the phone for 2 hours.
REV-1939,2026-08-16,3,"It's an okay app, but I wish there were more options for setting up recurring deposits."
REV-1940,2026-08-14,1,The app keeps crashing when I try to view my portfolio on my phone.
REV-1941,2026-07-09,3,"It's an okay app, but I wish there were more options for setting up recurring deposits."
REV-1942,2026-08-28,5,Absolutely seamless onboarding experience. Highly recommend to everyone!
REV-1943,2026-08-15,4,"Great experience overall, but the charts sometimes take a second to load."
REV-1944,2026-06-07,4,UI is intuitive and easy to use. Just wish the dark mode had better contrast.
REV-1945,2026-06-28,5,Absolutely love this app! The new update is incredibly fast.
REV-1946,2026-08-06,3,"It's an okay app, but I wish there were more options for setting up recurring deposits."
REV-1947,2026-07-15,3,"Fees are a bit high compared to competitors, but the interface is nice."
REV-1948,2026-08-09,5,The performance improvements are incredible. It loads instantly now.
REV-1949,2026-06-19,1,The app keeps crashing when I try to view my portfolio on my phone.
REV-1950,2026-07-08,3,"Fees are a bit high compared to competitors, but the interface is nice."
REV-1951,2026-07-21,1,Terrible customer service. Nobody picked up the phone for 2 hours.
REV-1952,2026-06-07,2,I was charged a $50 early withdrawal fee without any warning. Unacceptable.
REV-1953,2026-08-27,5,Customer support was amazing when I had an issue. Sarah fixed it instantly!
REV-1954,2026-08-07,5,The performance improvements are incredible. It loads instantly now.
REV-1955,2026-06-13,2,I was charged a $50 early withdrawal fee without any warning. Unacceptable.
REV-1956,2026-06-26,5,Customer support was amazing when I had an issue. Sarah fixed it instantly!
REV-1957,2026-07-30,2,Why is there an early withdrawal charge when I moved my funds to a different account?
REV-1958,2026-08-16,3,"Fees are a bit high compared to competitors, but the interface is nice."
REV-1959,2026-08-18,1,Terrible customer service. Nobody picked up the phone for 2 hours.
REV-1960,2026-07-15,1,The app keeps crashing when I try to view my portfolio on my phone.
REV-1961,2026-07-06,1,Terrible customer service. Nobody picked up the phone for 2 hours.
REV-1962,2026-08-01,2,Why is there an early withdrawal charge when I moved my funds to a different account?
REV-1963,2026-08-03,4,"Great experience overall, but the charts sometimes take a second to load."
REV-1964,2026-06-14,5,Absolutely love this app! The new update is incredibly fast.
REV-1965,2026-08-10,2,Why is there an early withdrawal charge when I moved my funds to a different account?
REV-1966,2026-06-20,3,"Fees are a bit high compared to competitors, but the interface is nice."
REV-1967,2026-07-17,1,The app keeps crashing when I try to view my portfolio on my phone.
REV-1968,2026-07-06,5,Absolutely seamless onboarding experience. Highly recommend to everyone!
REV-1969,2026-06-16,5,The performance improvements are incredible. It loads instantly now.
REV-1970,2026-07-09,5,The performance improvements are incredible. It loads instantly now.
REV-1971,2026-08-05,3,"It's an okay app, but I wish there were more options for setting up recurring deposits."
REV-1972,2026-08-13,5,The performance improvements are incredible. It loads instantly now.
REV-1973,2026-06-17,5,Absolutely seamless onboarding experience. Highly recommend to everyone!
REV-1974,2026-08-21,1,The app keeps crashing when I try to view my portfolio on my phone.
REV-1975,2026-08-11,5,Customer support was amazing when I had an issue. Sarah fixed it instantly!
REV-1976,2026-07-11,3,"It's an okay app, but I wish there were more options for setting up recurring deposits."
REV-1977,2026-08-20,2,Why is there an early withdrawal charge when I moved my funds to a different account?
REV-1978,2026-07-06,5,The performance improvements are incredible. It loads instantly now.
REV-1979,2026-07-13,5,Absolutely seamless onboarding experience. Highly recommend to everyone!
REV-1980,2026-06-25,3,"It's an okay app, but I wish there were more options for setting up recurring deposits."
REV-1981,2026-08-04,5,Customer support was amazing when I had an issue. Sarah fixed it instantly!
REV-1982,2026-06-02,1,Terrible customer service. Nobody picked up the phone for 2 hours.
REV-1983,2026-08-10,1,The app keeps crashing when I try to view my portfolio on my phone.
REV-1984,2026-08-09,4,UI is intuitive and easy to use. Just wish the dark mode had better contrast.
REV-1985,2026-06-24,5,Absolutely love this app! The new update is incredibly fast.
REV-1986,2026-08-19,2,I was charged a $50 early withdrawal fee without any warning. Unacceptable.
REV-1987,2026-06-09,5,Absolutely love this app! The new update is incredibly fast.
REV-1988,2026-08-11,1,Terrible customer service. Nobody picked up the phone for 2 hours.
REV-1989,2026-08-21,3,"It's an okay app, but I wish there were more options for setting up recurring deposits."
REV-1990,2026-06-10,3,"It's an okay app, but I wish there were more options for setting up recurring deposits."
REV-1991,2026-07-23,5,Absolutely love this app! The new update is incredibly fast.
REV-1992,2026-06-26,1,The app keeps crashing when I try to view my portfolio on my phone.
REV-1993,2026-06-19,3,"It's an okay app, but I wish there were more options for setting up recurring deposits."
REV-1994,2026-08-16,5,Absolutely love this app! The new update is incredibly fast.
REV-1995,2026-08-22,4,UI is intuitive and easy to use. Just wish the dark mode had better contrast.
REV-1996,2026-08-22,2,Why is there an early withdrawal charge when I moved my funds to a different account?
REV-1997,2026-06-05,5,The performance improvements are incredible. It loads instantly now.
REV-1998,2026-07-30,5,Absolutely love this app! The new update is incredibly fast.
REV-1999,2026-08-17,4,"Great experience overall, but the charts sometimes take a second to load."
REV-2000,2026-08-30,5,Customer support was amazing when I had an issue. Sarah fixed it instantly!
